{"0": {"arrivals": {"1": 1.6828165376959578, "2": 3.0484496130878735, "3": 4.414082688479789}, "departures": {"1": 2.3656330753919157, "2": 3.7312661507838314}, "link time": 0.682816537695958}, "1": {"arrivals": {"1": 2.463821811969464, "2": 6.517098511300308, "3": 9.284742135239235}, "departures": {"1": 5.133276699330843, "2": 7.900920323269771}, "link time": 1.3838218119694639}, "2": {"arrivals": {"1": 1.2133008362361961, "2": 5.293179208039431, "3": 8.06082283197836}, "departures": {"1": 5.239878371803235, "2": 8.007521995742163}, "link time": 0.05330083623619605}, "4": {"arrivals": {"1": 5.741055506576696, "2": 6.583166519730089, "3": 9.270688515472251}, "departures": {"1": 6.1621110131533925, "2": 8.849633008895555}, "link time": 0.42105550657669605}}